{"text": " \u0431\u0430\u043c \u0431\u044b\u0441\u0442\u0440\u0435\u0439", "segments": [{"id": 0, "seek": 0, "start": 0.0, "end": 2.0, "text": " \u0431\u0430\u043c", "tokens": [50365, 1268, 1685, 50465], "temperature": 1.0, "avg_logprob": -2.927727381388346, "compression_ratio": 0.65625, "no_speech_prob": 3.6348646315076394e-11}, {"id": 1, "seek": 0, "start": 3.08, "end": 9.28, "text": " \u0431\u044b\u0441\u0442\u0440\u0435\u0439", "tokens": [50519, 37283, 2345, 50829], "temperature": 1.0, "avg_logprob": -2.927727381388346, "compression_ratio": 0.65625, "no_speech_prob": 3.6348646315076394e-11}], "language": "Russian"}